"invoiceID";"Payment_ID"
"INV2023001";1
"INV2023002";2
"INV2023003";3
"INV2023004";4
"INV2023005";5
"INV2023006";6
"INV2023007";7
"INV2023008";8
"INV2023009";9
"INV2023010";10
"INV2023011";11
"INV2023012";12
"INV2023013";13
"INV2023014";14
"INV2023015";15
"INV2023016";16
"INV2023017";17
"INV2023018";18
"INV2023019";19
"INV2023020";20
"INV2023021";21
"INV2023022";22
"INV2023023";23
"INV2023024";24
"INV2023025";25
"INV2023026";26
"INV2023027";27
"INV2023028";28
"INV2023029";29
"INV2023030";30
"INV2023031";31
"INV2023032";32
"INV2023033";33
"INV2023034";34
"INV2023035";35
"INV2023036";36
"INV2023037";37
"INV2023038";38
"INV2023039";39
"INV2023040";40
"INV2023041";41
"INV2023042";42
"INV2023043";43
"INV2023044";44
"INV2023045";45
"INV2023046";46
"INV2023047";47
"INV2023048";48
"INV2023049";49
"INV2023050";50
