"SubscriptionID";"Start_Date";"End_Date"
"0J2109";"2024-10-18";"2024-11-18"
"1A2345";"2024-01-05";"2024-02-05"
"27WZ4321";"2023-01-01";"2023-02-01"
"28ZX8765";"2023-02-15";"2023-03-15"
"29Y9876A";"2023-03-05";"2023-04-05"
"2B7890";"2024-02-10";"2024-03-10"
"30Z1234B";"2023-04-10";"2023-05-10"
"31A5678C";"2023-05-20";"2023-06-20"
"32B9012D";"2023-06-25";"2023-07-25"
"33C3456E";"2023-07-08";"2023-08-08"
"34D7890F";"2023-08-15";"2023-09-15"
"35E2109G";"2023-09-18";"2023-10-18"
"36F6543H";"2023-10-22";"2023-11-22"
"3C4321";"2024-03-15";"2024-04-15"
"47G4321I";"2023-11-28";"2023-12-28"
"48H8765J";"2023-12-30";"2024-01-30"
"49I1234K";"2024-01-05";"2024-02-05"
"4D8765";"2024-04-20";"2024-05-20"
"50J7890L";"2024-02-10";"2024-03-10"
"51K4321M";"2024-03-15";"2024-04-15"
"52L8765N";"2024-04-20";"2024-05-20"
"53M3456O";"2024-05-25";"2024-06-25"
"54N8901P";"2024-06-28";"2024-07-28"
"55O5432Q";"2024-07-02";"2024-08-02"
"56P0987R";"2024-08-08";"2024-09-08"
"57Q7654S";"2024-09-12";"2024-10-12"
"58R2109T";"2024-10-18";"2024-11-18"
"59S7654U";"2024-11-28";"2024-12-28"
"5E3456";"2024-05-25";"2024-06-25"
"60T2109V";"2024-12-30";"2025-01-30"
"61U8765W";"2025-01-05";"2025-02-05"
"62V4321X";"2025-02-10";"2025-03-10"
"63W9876Y";"2025-03-15";"2025-04-15"
"64X4321Z";"2025-04-20";"2025-05-20"
"65Y76541A";"2025-05-25";"2025-06-25"
"66Z21091B";"2025-06-28";"2025-07-28"
"67A4321C";"2025-07-02";"2025-08-02"
"6F8901";"2024-06-28";"2024-07-28"
"78B87651D";"2025-08-08";"2025-09-08"
"79C4321E";"2025-09-12";"2025-10-12"
"7G5432";"2024-07-02";"2024-08-02"
"80D87651F";"2025-10-18";"2025-11-18"
"81E21091G";"2025-11-28";"2025-12-28"
"82F7654H";"2025-12-30";"2026-01-30"
"83G21091I";"2026-01-05";"2026-02-05"
"84H7654J";"2026-02-10";"2026-03-10"
"85I21091K";"2026-03-15";"2026-04-15"
"86J7654L";"2026-04-20";"2026-05-20"
"87K4321M";"2026-05-25";"2026-06-25"
"88L8765N";"2026-06-28";"2026-07-28"
"8H0987";"2024-08-08";"2024-09-08"
"9I7654";"2024-09-12";"2024-10-12"
"A12345";"2023-01-01";"2023-02-01"
"B67890";"2023-02-15";"2023-03-15"
"C54321";"2023-03-05";"2023-04-05"
"D98765";"2023-04-10";"2023-05-10"
"E23456";"2023-05-20";"2023-06-20"
"F78901";"2023-06-25";"2023-07-25"
"G65432";"2023-07-08";"2023-08-08"
"H10987";"2023-08-15";"2023-09-15"
"I87654";"2023-09-18";"2023-10-18"
"J32109";"2023-10-22";"2023-11-22"
"Y87654";"2023-11-28";"2023-12-28"
"Z32109";"2023-12-30";"2024-01-30"
